IEDB field	Example values	NDE field suggestion	Notes
CATALOG AND EXPORT METADATA			
database_export_v3.php / export_data_v3.php: export release date	2026-08-23	date; dateModified; includedInDataCatalog.versionDate	Retrieve once per crawl. Prefer the published export/archive date; fall back to the archive member timestamp. Route the value through date normalization.
database_export_v3.php: Complete Database Export URL	https://www.iedb.org/downloader.php?file_name=doc/iedb_export.zip	isBasedOn.url	Represent the XML export as a typed CreativeWork in isBasedOn. Do not emit distribution because it is not defined on the current NDE DataCollection profile.
database_export_v3.php: database catalog URL	https://www.iedb.org/	includedInDataCatalog.url; sourceOrganization.url; isBasedOn.url	Use the IEDB root for the DataCatalog, source organization, and ResourceCatalog provenance objects.
database_export_v3.php: database catalog name	Immune Epitope Database and Analysis Resource	includedInDataCatalog.name; sourceOrganization.name; isBasedOn.name	Use alternate name IEDB only where the current nested NDE mapping supports it.
database_export_v3.php: license metadata	https://creativecommons.org/licenses/by/4.0/	license	Assign the CC BY 4.0 URL shown in the export page metadata and license notice.
IEDB public export and Query API access	No account required	conditionsOfAccess; isAccessibleForFree	Assign conditionsOfAccess = Open and isAccessibleForFree = true.
			
ORGANISM IDENTITY AND TAB-BASED COLLECTION GROUPING			
OrganismList.Organism.OrganismId	227984	_id; identifier grouping component	This is the exact species/strain grouping key and the join target for source-organism identifiers. Combine it with the normalized tab key rather than using the organism ID alone.
OrganismList.Organism.TaxId	227984	species.identifier; species.url	When present, emit the numeric TaxId as species.identifier and generate an NCBI or UniProt taxonomy URL. Do not substitute TaxId for the top-level IEDB identifier.
OrganismList.Organism.ParentTaxId	2901879	Processing only	Use to determine whether a node is a species, strain, or descendant below species. Do not emit as the collection identifier.
OrganismList.Organism.OrganismName	SARS coronavirus Tor2	name; species.name; keywords; description	Generate name as "IEDB {tab label} from {OrganismName}". Use the source name in the species object so the terms stage can standardize and classify it.
References.Reference.Epitopes.Epitope.EpitopeStructure.**.SourceOrganismId	227984	Collection membership key	Join to OrganismList and group by the exact organism node. Use primary EpitopeStructure sources only; do not roll strain members into their parent species collection.
References.Reference.Epitopes.Epitope.EpitopeStructure.SplicedFragmentsOfANaturalSequenceMolecules.SecondarySourceOrganismId	227984	Collection membership key	Treat as a second natural-source membership candidate for a spliced epitope.
References.Reference.Epitopes.Epitope.EpitopeStructure.**.PeptideSourceOrganismId	227984	Collection membership key after ObjectType review	Use when it identifies the natural peptide source. Distinguish it from a recombinant expression host.
References.Reference.Epitopes.Epitope.EpitopeStructure.**.MoleculeSourceOrganismId	227984	Collection membership key after ObjectType review	Use when it identifies the natural molecule source. Distinguish it from a recombinant expression host.
References.Reference.Epitopes.Epitope.EpitopeStructure.**.CellSourceOrganismId	9606	Processing only pending review	Do not automatically use as collection membership; a cell source can describe an experimental system rather than the epitope source.
References.Reference.Epitopes.Epitope.EpitopeStructure.**.RecombinantOrganismId	Escherichia coli expression host	Processing only pending review	Do not use as collection membership unless domain review confirms it is the epitope source rather than the expression system.
Joined organism with TaxId	SARS coronavirus Tor2; 227984	species	Emit the joined source organism as species in the first pass. Do not also classify it as infectiousAgent until the relationship between epitope/source organisms and assay host organisms has been validated on representative records.
Joined IEDB-only strain without TaxId	Mus musculus C57BL/6; OrganismId 10000067	species	Emit the source name without treating the internal OrganismId as an NCBI TaxId. Keep the internal OrganismId only as the collection identifier.
			
IEDB TAB COLLECTION DEFINITIONS			
IEDB results tab: Epitopes	Epitopes (1923674 in the illustrated filtered search)	One DataCollection per exact organism node	Use tab key epitopes. Members are unique EpitopeId values selected through qualifying source-organism paths.
IEDB results tab: Antigens	Antigens (87936 in the illustrated filtered search)	One DataCollection per exact organism node	Use tab key antigens. Members are unique source-antigen IDs or IRIs linked to the qualifying epitope/assay result set.
IEDB results tab: Assays	Assays (5845358 in the illustrated filtered search)	One DataCollection per exact organism node	Use tab key assays. Union TCell, BCell, MhcBinding, and MhcLigandElution assay branches and keep their type-specific IDs distinct.
IEDB results tab: Receptors	Receptors (223303 in the illustrated filtered search)	One DataCollection per exact organism node	Use tab key receptors. Union TCR and BCR receptor groups linked to the qualifying result set and deduplicate by receptor-group IRI or type-prefixed ID.
IEDB results tab: References	References (26953 in the illustrated filtered search)	One DataCollection per exact organism node	Use tab key references. Members are unique ReferenceId values containing at least one qualifying result.
Derived tab and exact OrganismId	epitopes + 227984	_id	Generate iedb_{tab}_{OrganismId}; for example, iedb_epitopes_227984. This follows the UniProt pattern of separate collection kinds per taxon.
Derived tab and exact OrganismId	IEDB:EPITOPES:227984	identifier	Use a composite identifier so sibling tab collections do not share the same top-level identifier.
Query API epitope_search / antigen_search / reference_search	one view per tab	url; isBasedOn.url	Use the corresponding exact-organism filtered view for discovery and validation. Calculate authoritative membership and counts from the downloaded XML release.
Query API tcell_search + bcell_search + mhc_search	three views for the Assays tab	isBasedOn.url	Represent the Assays tab as one collection even though the Query API exposes multiple assay views. The XML additionally has distinct MhcBinding and MhcLigandElution branches.
Query API tcr_search + bcr_search	two views for the Receptors tab	isBasedOn.url	Represent the Receptors tab as one collection and list both supporting queries in provenance.
Query API *.source_organism_iri_search	cs.{NCBITaxon:227984}	Validation only	The _search filter follows taxonomy parentage and can include descendants. Do not use its count as the exact species/strain collection count.
Query API exact source-organism fields	source_organism_iris=cs.{NCBITaxon:227984}; source_organism_iri=eq.NCBITaxon:227984	url; validation	Prefer exact fields for public query links where supported. XML OrganismId membership remains authoritative, especially for IEDB-only strains.
			
REFERENCE AND CITATION FIELDS			
References.Reference object routing	Article or direct submission	References tab hasPart; other tabs citation or isBasedOn	In the References collection, route each unique source reference to hasPart and use one as exampleOfWork. In the other four tab collections, retain the same objects as supporting citations or provenance.
References.Reference.ReferenceId	1000425	hasPart.identifier; hasPart.url; citation.identifier; citation.url; collectionSize	Generate identifier IEDB_REFERENCE:{ReferenceId} and URL https://www.iedb.org/reference/{ReferenceId}. Use as the References-tab member key and as the deduplication fallback after PMID for citations elsewhere.
References.Reference.Keywords	SARS; coronavirus	keywords	Split and deduplicate only useful bounded terms. Do not blindly promote large article-indexing strings.
References.Reference.DateLastUpdated	2024-08-19-07:00	dateModified fallback; provenance	Use the maximum member-reference update only when an export release date is unavailable. Normalize to an ISO date.
References.Reference.Article.PubmedId	15037737	citation.pmid	Emit as a string. Deduplicate journal citations by PMID, then ReferenceId.
References.Reference.Article.Abstract	The CD8+ T cell response...	citation.abstract	Preserve as plain text.
References.Reference.Article.ArticleYear	2004	citation.datePublished	Retain valid reduced ISO precision if supported. Otherwise omit rather than inventing a month and day.
References.Reference.Article.ArticlePages	4942-7	citation.pagination	Preserve source formatting.
References.Reference.Article.ArticleTitle	Conserved T cell receptor usage in primary and recall responses...	citation.name	Create a typed ScholarlyArticle object.
References.Reference.Article.Authors.Author.FirstName	Katherine	citation.author.givenName	Create a typed Person object.
References.Reference.Article.Authors.Author.MiddleName	J	citation.author.givenName	Combine with FirstName when present.
References.Reference.Article.Authors.Author.ForeName	Katherine	citation.author.givenName	Use as a fallback when FirstName is absent.
References.Reference.Article.Authors.Author.LastName	Kedzierska	citation.author.familyName	Create a typed Person object.
References.Reference.Article.Authors.Author.Initials	K	citation.author.name fallback	Use only when fuller name parts are unavailable.
References.Reference.Article.Authors.Author.Suffix	Jr	citation.author.name	Append to the rendered name when present.
References.Reference.Article.Authors.Author.CollectiveName	IEDB Curation Team Members	citation.author.name	Create a typed Organization rather than a Person.
References.Reference.Article.Affiliations	Department of Microbiology and Immunology, University of Melbourne...	No first-pass mapping	The source supplies one flat affiliation string and does not reliably associate it with individual authors. Do not invent author-affiliation relationships.
References.Reference.Article.ArticleChemicalList	DNA Primers; Immunodominant Epitopes	Processing only	Possible keyword enrichment after review; do not emit the compound source string directly.
References.Reference.Article.ArticleMeshHeadingsList	Amino Acid Sequence; Animals; Influenza A virus	Processing only	Possible topic or condition enrichment after parsing; do not emit raw compound strings as ontology terms.
References.Reference.Article.Comments	Curator or article comments	citation.description	Use only when non-empty and not duplicative of the abstract.
References.Reference.Article.Journal.Volume	101	citation.volumeNumber	Preserve as text.
References.Reference.Article.Journal.Issue	14	citation.issueNumber	Preserve as text.
References.Reference.Article.Journal.Title	Proceedings of the National Academy of Sciences of the United States of America	citation.journalName	Preserve full title.
References.Reference.Article.Journal.MedlineTa	Proc Natl Acad Sci U S A	citation.journalNameAbbrev	Preserve the supplied abbreviation.
References.Reference.Article.Journal.Issn	0027-8424	No first-pass mapping	The current NDE citation mapping has no reviewed ISSN property.
References.Reference.Submission.SubmitterName	John Sidney	isBasedOn or exampleOfWork.additionalProperty	Direct submissions are provenance works, not journal-article citations. A stable submission representation needs review.
References.Reference.Submission.Authors.Author.*	John Sidney	isBasedOn author after review	Create typed authors only after the submission CreativeWork representation is settled.
References.Reference.Submission.Affiliations	La Jolla Institute for Allergy and Immunology...	isBasedOn description after review	Do not infer per-author affiliations.
References.Reference.Submission.SubmissionTitle	Large-scale SARS epitope submission	isBasedOn.name after review	Represent as a typed CreativeWork when a stable submission policy is adopted.
References.Reference.Submission.Abstract	This work was supported...	isBasedOn.description after review	Preserve as plain text.
References.Reference.Submission.SubmissionDate	2006-02-23-08:00	isBasedOn.datePublished after review	Normalize to an ISO date.
			
EPITOPE MEMBER FIELDS			
References.Reference.Epitopes.Epitope.EpitopeId	50166	hasPart.identifier; hasPart.url; collectionSize	Generate IEDB_EPITOPE:{EpitopeId} and https://www.iedb.org/epitope/{EpitopeId}. Deduplicate by EpitopeId within the Epitopes collection for the exact organism node.
References.Reference.Epitopes.Epitope.EpitopeName	3011.0648	hasPart.name	Fall back to a linear sequence or generated "IEDB epitope {id}" label when empty.
References.Reference.Epitopes.Epitope.LocationOfData	Figure 1	exampleOfWork.additionalProperty	Retain only for the deterministic representative member.
References.Reference.Epitopes.Epitope.ReferenceStartingPosition	493	exampleOfWork.additionalProperty	Retain only for the representative member.
References.Reference.Epitopes.Epitope.ReferenceEndingPosition	501	exampleOfWork.additionalProperty	Retain only for the representative member.
References.Reference.Epitopes.Epitope.ReferenceRegion	RBD	exampleOfWork.additionalProperty	Retain only for the representative member.
References.Reference.Epitopes.Epitope.EpitopeEvidenceCode	Not determined	exampleOfWork.additionalProperty	Preserve the source value.
References.Reference.Epitopes.Epitope.EpitopeStructureDefines	Exact Epitope	keywords; exampleOfWork.additionalProperty	Only promote a bounded set of unique structure-definition labels to keywords.
References.Reference.Epitopes.Epitope.EpitopeComments	The epitope residues were determined from a cited publication.	exampleOfWork.additionalProperty	Representative member only.
References.Reference.Epitopes.Epitope.EpitopeRelatedObject.RelatedObjectType	Antigenic site	exampleOfWork.additionalProperty	Do not use related-object sources as the primary collection key without review.
References.Reference.Epitopes.Epitope.EpitopeStructure.{ObjectType choice name}	FragmentOfANaturalSequenceMolecule	hasPart.additionalType; exampleOfWork.additionalProperty	Use the specific structure variant to describe the member type.
References.Reference.Epitopes.Epitope.EpitopeStructure.*.ChemicalType	Peptide from protein	keywords; exampleOfWork.additionalProperty	Promote only bounded unique chemical types to keywords.
References.Reference.Epitopes.Epitope.EpitopeStructure.*.SubType	Organism; Cell; Protein	hasPart.additionalType; exampleOfWork.additionalProperty	Preserve the specific source subtype when supplied.
References.Reference.Epitopes.Epitope.EpitopeStructure.*.LinearSequence	PYRVVVLSF	hasPart.name fallback; exampleOfWork.additionalProperty	Do not put every sequence in top-level keywords.
References.Reference.Epitopes.Epitope.EpitopeStructure.*.PeptideLinearSequence	ASNENMETM	hasPart.name fallback; exampleOfWork.additionalProperty	Used by spliced-fragment structures.
References.Reference.Epitopes.Epitope.EpitopeStructure.*.PeptideSequence	ASNENMETM	hasPart.name fallback; exampleOfWork.additionalProperty	Used by complex and recombinant structures.
References.Reference.Epitopes.Epitope.EpitopeStructure.*.DiscontinuousResidues	Y356, N357, S358, T359	exampleOfWork.additionalProperty	Representative member only.
References.Reference.Epitopes.Epitope.EpitopeStructure.*.ModifiedResidues	M3	exampleOfWork.additionalProperty	Representative member only.
References.Reference.Epitopes.Epitope.EpitopeStructure.*.MutatedResidues	A5V	exampleOfWork.additionalProperty	Representative member only.
References.Reference.Epitopes.Epitope.EpitopeStructure.*.Modifications	Phosphorylation	exampleOfWork.additionalProperty	Representative member only.
References.Reference.Epitopes.Epitope.EpitopeStructure.*.StartingPosition	493	exampleOfWork.additionalProperty	Pair with EndingPosition.
References.Reference.Epitopes.Epitope.EpitopeStructure.*.EndingPosition	501	exampleOfWork.additionalProperty	Pair with StartingPosition.
References.Reference.Epitopes.Epitope.EpitopeStructure.**.SourceMolecule.GenBankId	P59594.1	exampleOfWork.additionalProperty	Normalize whether the value is a GenBank nucleotide or GenPept protein accession before generating an external URL.
References.Reference.Epitopes.Epitope.EpitopeStructure.**.SourceMolecule.UniProtAccession	P59594.1	exampleOfWork.additionalProperty	Preserve accession and optionally generate a UniProt URL.
References.Reference.Epitopes.Epitope.EpitopeStructure.**.SourceMolecule.ChEBIId	CHEBI:1234	exampleOfWork.additionalProperty	Preserve the CURIE and optionally generate a ChEBI URL.
References.Reference.Epitopes.Epitope.EpitopeStructure.**.SourceMolecule.IedbAccession	IEDB source molecule accession	exampleOfWork.additionalProperty	Join IedbAccessionList only when a human-readable molecule name is needed.
References.Reference.Epitopes.Epitope.ProteinMutationPosition	614	exampleOfWork.additionalProperty	Keep mutation fields together on the representative member.
References.Reference.Epitopes.Epitope.ProteinMutationAminoAcid	G	exampleOfWork.additionalProperty	Keep mutation fields together on the representative member.
References.Reference.Epitopes.Epitope.ProteinWildtypeAminoAcid	D	exampleOfWork.additionalProperty	Keep mutation fields together on the representative member.
References.Reference.Epitopes.Epitope.DnaMutationPosition	1841	exampleOfWork.additionalProperty	Keep mutation fields together on the representative member.
References.Reference.Epitopes.Epitope.DnaMutantBase	G	exampleOfWork.additionalProperty	Keep mutation fields together on the representative member.
References.Reference.Epitopes.Epitope.DnaWildtypeBase	A	exampleOfWork.additionalProperty	Keep mutation fields together on the representative member.
			
ANTIGEN TAB MEMBER FIELDS			
Query API antigen_search.parent_source_antigen_id / parent_source_antigen_iri	IEDB source-antigen ID or IRI	hasPart.identifier; hasPart.url; collectionSize	Use the IRI as the primary deduplication key for Antigens-tab members. Establish and test the XML crosswalk before implementation.
Query API antigen_search.parent_source_antigen_name	Spike glycoprotein	hasPart.name; exampleOfWork.name	Use the source antigen's displayed name; fall back to its stable ID or IRI.
Query API antigen_search.parent_source_antigen_source_org_iri	NCBITaxon:227984	Membership validation	Validate that the source antigen is directly associated with the exact collection organism rather than only a taxonomic descendant.
References.Reference.Epitopes.Epitope.EpitopeStructure.**.SourceMolecule.{IedbAccession,GenBankId,UniProtAccession,ChEBIId}	P59594.1	Antigen-tab XML crosswalk candidate	Use these source-molecule identifiers to reconstruct Antigens-tab members only after comparison with antigen_search.parent_source_antigen_iri. Do not assume every source molecule is a parent source antigen.
References.Reference.Epitopes.Epitope.Assays.*.**.{ImmunogenObject,AntigenObject}.Object	Source Antigen	Antigen-tab XML crosswalk candidate	Follow EpitopeRelation and object-type semantics when identifying the tab's source-antigen entity.
			
ASSAY AND HOST-CONTEXT FIELDS			
References.Reference.Epitopes.Epitope.Assays.{TCell,BCell,MhcBinding,MhcLigandElution}	TCell; BCell; MhcBinding; MhcLigandElution	keywords; processing	Use the joined AssayTypeList.Category for user-facing keyword labels.
References.Reference.Epitopes.Epitope.Assays.TCell.TCellId	3339181	hasPart.identifier; hasPart.url; collectionSize; exampleOfWork.additionalProperty	In the Assays collection, generate IEDB_ASSAY:{id} and https://www.iedb.org/assay/{id}. Preserve T-cell as the member additionalType.
References.Reference.Epitopes.Epitope.Assays.BCell.BCellId	17427539	hasPart.identifier; hasPart.url; collectionSize; exampleOfWork.additionalProperty	In the Assays collection, generate IEDB_ASSAY:{id} and preserve B-cell as the member additionalType.
References.Reference.Epitopes.Epitope.Assays.MhcBinding.MhcBindingId	1026500	hasPart.identifier; hasPart.url; collectionSize; exampleOfWork.additionalProperty	In the Assays collection, generate IEDB_ASSAY:{id} and preserve MHC binding as the member additionalType.
References.Reference.Epitopes.Epitope.Assays.MhcLigandElution.MhcLigandElutionId	1234567	hasPart.identifier; hasPart.url; collectionSize; exampleOfWork.additionalProperty	In the Assays collection, generate IEDB_ASSAY:{id} and preserve MHC ligand elution as the member additionalType.
References.Reference.Epitopes.Epitope.Assays.*.AssayInformation.AssayTypeId	417	measurementTechnique; variableMeasured	Join AssayTypeList. Generate one unique source-defined technique term and response term per represented AssayTypeId.
References.Reference.Epitopes.Epitope.Assays.*.AssayInformation.QualitativeMeasurement	Positive-High	keywords; exampleOfWork.additionalProperty	Do not map to conditionsOfAccess or creativeWorkStatus.
References.Reference.Epitopes.Epitope.Assays.*.AssayInformation.QuantitativeMeasurement	30.8	exampleOfWork.additionalProperty	Pair with the joined response, units, and MeasurementInequality.
References.Reference.Epitopes.Epitope.Assays.*.AssayInformation.MeasurementInequality	<	exampleOfWork.additionalProperty	Pair with the quantitative measurement.
References.Reference.Epitopes.Epitope.Assays.*.AssayInformation.NumberOfSubjectsTested	40	exampleOfWork.additionalProperty	Do not sum across assays because subjects can overlap.
References.Reference.Epitopes.Epitope.Assays.*.AssayInformation.NumberOfSubjectsResponded	1	exampleOfWork.additionalProperty	Representative epitope only.
References.Reference.Epitopes.Epitope.Assays.*.AssayInformation.ResponseFrequency	2.5	exampleOfWork.additionalProperty	Preserve percent semantics.
References.Reference.Epitopes.Epitope.Assays.*.AssayInformation.AssayComments	The assay shows CD4 cells mobilized by the epitope.	exampleOfWork.additionalProperty	Representative epitope only.
References.Reference.Epitopes.Epitope.Assays.*.LocationOfData	Figure 7	exampleOfWork.additionalProperty	Representative epitope only.
References.Reference.Epitopes.Epitope.Assays.*.Immunization.HostOrganism.OrganismId	9606	No top-level species mapping	Host context is not the source-organism collection key. Join OrganismList for representative metadata only.
References.Reference.Epitopes.Epitope.Assays.MhcLigandElution.HostOrganism.OrganismId	9606	No top-level species mapping	Host context only.
References.Reference.Epitopes.Epitope.Assays.*.**.RecipientOrganism.OrganismId	10090	No top-level species mapping	Adoptive-transfer recipient context only.
References.Reference.Epitopes.Epitope.Assays.*.**.HostOrganism.OrganismId compared with References.Reference.Epitopes.Epitope.EpitopeStructure.**.SourceOrganismId	9606 (assay host); 2697049 (epitope/source organism)	Processing only; infectiousAgent unresolved	The export appears to expose host and source organisms through distinct paths, but field names alone do not establish which source organism is an infectious agent. Preserve the roles separately and validate representative records after the first pass.
References.Reference.Epitopes.Epitope.Assays.*.**.{HostOrganism,RecipientOrganism}.GeoLocId	http://purl.obolibrary.org/obo/GAZ_00003937	spatialCoverage	Join GeoLocList and emit unique typed AdministrativeArea objects. This describes study-host location, not the organism's natural range.
References.Reference.Epitopes.Epitope.Assays.*.**.{HostOrganism,RecipientOrganism}.Sex	F	exampleOfWork.additionalProperty	Do not emit a collection-level sex value.
References.Reference.Epitopes.Epitope.Assays.*.**.{HostOrganism,RecipientOrganism}.Age	6 weeks	exampleOfWork.additionalProperty	Preserve the free-text value.
References.Reference.Epitopes.Epitope.Assays.*.**.MhcAlleleTypesPresent.MhcAlleleId	172	exampleOfWork.additionalProperty	Join MhcAlleleNameList. Do not emit as measurementTechnique.
References.Reference.Epitopes.Epitope.Assays.*.**.{FirstInVivoProcess,SecondInVivoProcess,InVivoProcess}.DiseaseState	COVID-19	healthCondition	Emit unique non-placeholder name-only DefinedTerms and let the shared terms stage standardize them.
References.Reference.Epitopes.Epitope.Assays.*.**.{FirstInVivoProcess,SecondInVivoProcess,InVivoProcess}.DiseaseStage	Post	exampleOfWork.additionalProperty	No reviewed collection-level NDE field.
References.Reference.Epitopes.Epitope.Assays.*.**.InVivoProcessType	Occurrence of infectious disease	exampleOfWork.additionalProperty	Possible future ontology-backed technique or process term.
References.Reference.Epitopes.Epitope.Assays.*.**.{ImmunogenObject,AntigenObject}.EpitopeRelation	Epitope; Source Antigen; Taxonomic Sibling	exampleOfWork.additionalProperty	Preserve assay context without changing the primary collection membership.
References.Reference.Epitopes.Epitope.Assays.*.**.{ImmunogenObject,AntigenObject}.Object.**.SourceOrganismId	2697049	Processing only	Assay-context source organism; do not let taxonomic siblings or children replace the primary EpitopeStructure grouping key.
References.Reference.Epitopes.Epitope.Assays.*.**.Route	intramuscular	exampleOfWork.additionalProperty	Representative epitope only.
References.Reference.Epitopes.Epitope.Assays.*.**.DoseSchedule	4 doses of 150ug	exampleOfWork.additionalProperty	Representative epitope only.
References.Reference.Epitopes.Epitope.Assays.*.**.{EffectorCells,AntigenPresentingCells}.CellTissueType	spleen	exampleOfWork.additionalProperty	Potential future sample.anatomicalStructure only after a sample identity policy exists.
References.Reference.Epitopes.Epitope.Assays.*.**.{EffectorCells,AntigenPresentingCells}.CellType	splenocyte	exampleOfWork.additionalProperty	Potential future sample.cellType only after a sample identity policy exists.
References.Reference.Epitopes.Epitope.Assays.*.**.{EffectorCells,AntigenPresentingCells}.CellCultureConditions	Direct Ex Vivo	exampleOfWork.additionalProperty	Representative epitope only.
References.Reference.Epitopes.Epitope.Assays.*.**.MhcAlleleId	172	exampleOfWork.additionalProperty	Join MhcAlleleNameList for the displayed restriction and class.
References.Reference.Epitopes.Epitope.Assays.BCell.AssayedAntibody.AssayedAntibodySourceMaterial	Serum	exampleOfWork.additionalProperty	Representative epitope only.
References.Reference.Epitopes.Epitope.Assays.BCell.AssayedAntibody.AssayedAntibodyHeavyChainType	IgG	exampleOfWork.additionalProperty	Representative epitope only.
References.Reference.Epitopes.Epitope.Assays.BCell.AssayedAntibody.AssayedAntibodyLightChainType	Kappa	exampleOfWork.additionalProperty	Representative epitope only.
References.Reference.Epitopes.Epitope.Assays.*.ThreeDimensionalStructureOfComplex.ComplexPdbId	6WAQ	exampleOfWork.additionalProperty	Generate an RCSB URL only after validating the identifier.
			
RECEPTOR TAB MEMBER FIELDS			
Query API tcr_search.receptor_group_id / receptor_group_iri	IEDB receptor-group ID or IRI	hasPart.identifier; hasPart.url; collectionSize	Use the receptor-group IRI as the primary TCR deduplication key. The XML crosswalk must be confirmed before implementation.
Query API bcr_search.receptor_group_id / receptor_group_iri	IEDB receptor-group ID or IRI	hasPart.identifier; hasPart.url; collectionSize	Use the receptor-group IRI as the primary BCR deduplication key. Keep TCR and BCR namespaces distinct when only numeric IDs are available.
Query API {tcr_search,bcr_search}.receptor_type	TCR; BCR	hasPart.additionalType; keywords	Preserve the receptor family on each representative member and as a bounded collection keyword.
Query API {tcr_search,bcr_search}.receptor_names	Receptor name	hasPart.name; exampleOfWork.name	Choose a stable displayed name and retain alternate names only when bounded.
Query API {tcr_search,bcr_search}.source_organism_iris	{NCBITaxon:227984}	Membership validation	Require a direct association with the exact collection organism; do not use taxonomy-parent search results as authoritative membership.
References.Reference.Epitopes.Epitope.Assays.*.** receptor fields	TCR/BCR chain and receptor identifiers	Receptor-tab XML crosswalk candidate	Locate and validate the XML receptor-group and chain paths during first-pass implementation. Do not derive distinct receptor members from names or sequences alone.
			
AUXILIARY LOOKUP FIELDS			
AssayTypeList.AssayType.AssayTypeId	417	measurementTechnique.identifier; variableMeasured.identifier	Generate source-defined identifiers IEDB_ASSAY_TYPE:{id} and IEDB_ASSAY_RESPONSE:{id}.
AssayTypeList.AssayType.Category	MHC	keywords	Normalize to bounded labels such as MHC ligand assay, T cell assay, and B cell assay.
AssayTypeList.AssayType.AssayType	purified MHC/competitive/radioactivity	measurementTechnique.name	Create a typed DefinedTerm. The auxiliary list does not supply OBI mappings.
AssayTypeList.AssayType.Response	dissociation constant KD (~IC50)	variableMeasured.name	Create a typed source-defined DefinedTerm.
AssayTypeList.AssayType.Units	nM	exampleOfWork.additionalProperty	Pair units with representative quantitative measurements.
MhcAlleleNameList.MhcAlleleName.MhcAlleleRestrictionId	172	Lookup key	Join all MhcAlleleId fields.
MhcAlleleNameList.MhcAlleleName.DisplayedRestriction	HLA-A*29:02	exampleOfWork.additionalProperty	Preserve for representative assay metadata.
MhcAlleleNameList.MhcAlleleName.Synonyms	HLA-A29:02|HLA-A*2902	exampleOfWork.additionalProperty after review	Do not promote the full synonym list to top-level keywords.
MhcAlleleNameList.MhcAlleleName.Class	I	exampleOfWork.additionalProperty	Preserve with the displayed restriction.
MhcAlleleNameList.MhcAlleleName.Locus	A	exampleOfWork.additionalProperty	Preserve with the displayed restriction.
MhcAlleleNameList.MhcAlleleName.Molecule	HLA-A*29:02	exampleOfWork.additionalProperty	Preserve with the displayed restriction.
GeoLocList.GeoLoc.GeoLocId	http://purl.obolibrary.org/obo/GAZ_00003937	spatialCoverage.identifier	Convert the URL to GAZ:00003937.
GeoLocList.GeoLoc.GeoLocName	contiguous United States of America	spatialCoverage.name	Create a typed AdministrativeArea object.
			
ASSIGNED OR DERIVED NDE VALUES			
Derived from tab key + exact OrganismId	iedb_epitopes_227984; iedb_antigens_227984; iedb_assays_227984; iedb_receptors_227984; iedb_references_227984	_id	Create one sibling record per non-empty tab for each exact eligible species or strain node.
Derived from tab key + exact OrganismId	IEDB:EPITOPES:227984; IEDB:ANTIGENS:227984; IEDB:ASSAYS:227984; IEDB:RECEPTORS:227984; IEDB:REFERENCES:227984	identifier	Keep the tab dimension in the public identifier. The raw OrganismId remains the grouping key and species provenance rather than the complete record identifier.
Assigned NDE record type	DataCollection	@type	One collection per exact eligible species/strain × non-empty IEDB results tab.
Assigned schema context	http://schema.org/	@context	Use the context string accepted by the current uploader mapping.
Derived tab-specific member counts	Epitopes 9310; Antigens 16; Assays 23706 across tcell/bcell/mhc views; Receptors 5 across tcr/bcr views; References 16	collectionSize	Illustrative exact-filter Query API counts for NCBITaxon:227984 on 2026-09-02. Recalculate from the target XML release; union and deduplicate the component views for combined tabs.
Assigned tab concepts	Epitope; Antigen; Immune epitope assay; Immune receptor; IEDB source reference	about	Emit one tab-appropriate DefinedTerm per collection. Keep the NCIT:C13189 and OBI:1110128 concept URLs; retain the full OBI identifier under measurementTechnique because top-level about.identifier is not indexed by the current NDE mapping. Review ontology identifiers for the other three concepts before assigning them.
Derived unique tab member keys	EpitopeId; source-antigen IRI; typed assay ID; receptor-group IRI; ReferenceId	hasPart	Emit members of the current tab only. Never copy all epitope members into each sibling tab record.
Derived organism, tab, and member count	IEDB antigen records whose curated source organism is SARS coronavirus Tor2...	description	Generate one plain-text, tab-specific description; never emit a list.
Derived organism and tab label	IEDB antigens from SARS coronavirus Tor2	name	Generate from OrganismName and the normalized tab label.
Derived exact NCBI taxon filter	https://query-api.iedb.org/epitope_search?source_organism_iris=cs.%7BNCBITaxon%3A227984%7D	url; includedInDataCatalog.archivedAt	Use each tab's exact-organism query where a single view exists. For combined tabs, use the stable IEDB results page as url and list each component query in isBasedOn. Use the database-export page for IEDB-only strains.
Assigned catalog object	IEDB; https://www.iedb.org/	includedInDataCatalog	Emit a typed DataCatalog with name, URL, versionDate, and archivedAt.
Assigned IEDB operator	La Jolla Institute for Immunology	author; creator	Emit typed Organization objects. Source-publication authors belong on citation objects.
Assigned IEDB resource identity	Immune Epitope Database and Analysis Resource	sourceOrganization	Emit a typed Organization with alternateName IEDB and parentOrganization La Jolla Institute for Immunology.
Assigned canonical publication	PMID 39558162; DOI 10.1093/nar/gkae1092	citation	Include the canonical IEDB ScholarlyArticle in every collection, followed by unique member-source articles.
Assigned IEDB funding statement	National Institute of Allergy and Infectious Diseases	funding	Emit a typed MonetaryGrant and typed Organization funder. Do not retain an expired contract identifier without confirming the active award.
Assigned assay umbrella	OBI:1110128 immune epitope assay	measurementTechnique	Required for the Assays collection. Include on another tab collection only when it meaningfully describes that tab's contents.
Assigned topics	EDAM topic_0804 Immunology; topic_3948 Immunoinformatics	topicCategory	Use reviewed EDAM topics only.
Assigned broad measured variable	GO:0006955 immune response	variableMeasured	Use on the Assays collection alongside source-defined AssayTypeList response terms. Do not mechanically copy measurement fields to References or Receptors collections.
Assigned citation guidance	https://discuss.iedb.org/t/citing-the-iedb/63	usageInfo	Emit a typed CreativeWork instructing users to cite both source authors and IEDB.
Deterministic smallest tab member	Epitope 68; source antigen taxon_protein:10002316-other; T-cell assay 7127; BCR group 183965; reference 406	exampleOfWork	Choose independently within each tab after stable deduplication. The listed examples were returned by exact NCBITaxon:227984 Query API filters and are illustrative cross-checks.
Assigned generation provenance	XML export + exact-organism grouping + tab projection steps	isBasedOn	Emit typed Action, ResourceCatalog, and tab-specific Query API CreativeWork objects describing how each collection was generated.
No confirmed unambiguous source field		infectiousAgent	Do not assign in the first pass. IEDB records host organisms and several source-organism roles; determine whether and when a source organism represents an infectious agent only after inspecting representative records and ObjectType-specific behavior.
No stable source sample identity		sample	Omit in the first pass. Assay-level hosts and cohorts cannot be merged safely without a reviewed identity rule.
No valid DataCollection property		distribution	Omit. Preserve the complete export URL in isBasedOn.
No valid emitted value		version	Omit top-level version; use includedInDataCatalog.versionDate and exampleOfWork.schemaVersion.
			
EXAMPLE GENERATED NDE RECORDS			
Epitopes-tab example	{"@context":"http://schema.org/","@type":"DataCollection","_id":"iedb_epitopes_227984","identifier":"IEDB:EPITOPES:227984","name":"IEDB epitopes from SARS coronavirus Tor2","description":"IEDB epitope records directly associated with SARS coronavirus Tor2 (NCBITaxon:227984).","url":"https://query-api.iedb.org/epitope_search?source_organism_iris=cs.%7BNCBITaxon%3A227984%7D","collectionSize":{"@type":"QuantitativeValue","value":9310,"unitText":"epitopes"},"about":{"@type":"DefinedTerm","name":"Epitope","url":"http://purl.obolibrary.org/obo/NCIT_C13189"},"hasPart":[{"@type":"CreativeWork","identifier":"IEDB_EPITOPE:68","url":"https://www.iedb.org/epitope/68"}],"species":{"@type":"DefinedTerm","name":"SARS coronavirus Tor2","identifier":"227984"}}	nde:DataCollection	Illustrative and abbreviated Epitopes sibling. Calculate final count and members from the selected XML release.
Antigens-tab example	{"@context":"http://schema.org/","@type":"DataCollection","_id":"iedb_antigens_227984","identifier":"IEDB:ANTIGENS:227984","name":"IEDB antigens from SARS coronavirus Tor2","description":"IEDB source-antigen records directly associated with SARS coronavirus Tor2 (NCBITaxon:227984).","url":"https://query-api.iedb.org/antigen_search?source_organism_iris=cs.%7BNCBITaxon%3A227984%7D","collectionSize":{"@type":"QuantitativeValue","value":16,"unitText":"antigens"},"about":{"@type":"DefinedTerm","name":"Antigen"},"hasPart":[{"@type":"CreativeWork","identifier":"taxon_protein:10002316-other","url":"https://ontology.iedb.org/taxon-protein/10002316-other"}],"species":{"@type":"DefinedTerm","name":"SARS coronavirus Tor2","identifier":"227984"}}	nde:DataCollection	Illustrative and abbreviated Antigens sibling. Confirm the XML-to-antigen_search crosswalk before implementation.
Assays-tab example	{"@context":"http://schema.org/","@type":"DataCollection","_id":"iedb_assays_227984","identifier":"IEDB:ASSAYS:227984","name":"IEDB assays from SARS coronavirus Tor2","description":"IEDB T-cell, B-cell, and MHC assay records directly associated with SARS coronavirus Tor2 (NCBITaxon:227984).","url":"https://www.iedb.org/result_v3.php","collectionSize":{"@type":"QuantitativeValue","value":23706,"unitText":"assays"},"about":{"@type":"DefinedTerm","name":"immune epitope assay","url":"http://purl.obolibrary.org/obo/OBI_1110128"},"hasPart":[{"@type":"CreativeWork","identifier":"IEDB_ASSAY:7127","url":"https://www.iedb.org/assay/7127"}],"species":{"@type":"DefinedTerm","name":"SARS coronavirus Tor2","identifier":"227984"}}	nde:DataCollection	Illustrative and abbreviated Assays sibling. The example count sums current exact-filter tcell_search, bcell_search, and mhc_search results; deduplicate the XML union for the final count.
Receptors-tab example	{"@context":"http://schema.org/","@type":"DataCollection","_id":"iedb_receptors_227984","identifier":"IEDB:RECEPTORS:227984","name":"IEDB receptors from SARS coronavirus Tor2","description":"IEDB TCR and BCR receptor-group records directly associated with SARS coronavirus Tor2 (NCBITaxon:227984).","url":"https://www.iedb.org/result_v3.php","collectionSize":{"@type":"QuantitativeValue","value":5,"unitText":"receptors"},"about":{"@type":"DefinedTerm","name":"Immune receptor"},"hasPart":[{"@type":"CreativeWork","identifier":"IEDB_RECEPTOR:183965","additionalType":"BCR"}],"species":{"@type":"DefinedTerm","name":"SARS coronavirus Tor2","identifier":"227984"}}	nde:DataCollection	Illustrative and abbreviated Receptors sibling. The exact-filter API example has BCR results but no TCR results for this organism; confirm XML receptor paths.
References-tab example	{"@context":"http://schema.org/","@type":"DataCollection","_id":"iedb_references_227984","identifier":"IEDB:REFERENCES:227984","name":"IEDB references for SARS coronavirus Tor2","description":"IEDB source references directly associated with SARS coronavirus Tor2 (NCBITaxon:227984).","url":"https://query-api.iedb.org/reference_search?source_organism_iris=cs.%7BNCBITaxon%3A227984%7D","collectionSize":{"@type":"QuantitativeValue","value":16,"unitText":"references"},"about":{"@type":"DefinedTerm","name":"IEDB source reference"},"hasPart":[{"@type":"ScholarlyArticle","identifier":"IEDB_REFERENCE:406","name":"Identification of immunodominant sites on the spike protein of severe acute respiratory syndrome (SARS) coronavirus: implication for developing SARS diagnostics and vaccines.","url":"https://www.iedb.org/reference/406"}],"species":{"@type":"DefinedTerm","name":"SARS coronavirus Tor2","identifier":"227984"}}	nde:DataCollection	Illustrative and abbreviated References sibling. Route direct submissions as CreativeWork rather than ScholarlyArticle.
			
COLLECTION-SCOPE DECISIONS AND OPEN QUESTIONS			
[scope] Record boundary	Exact primary source OrganismId × Epitopes, Antigens, Assays, Receptors, or References tab	One DataCollection per non-empty tab per species or strain	Species and strains remain separate; do not aggregate children into parents. A qualifying organism can yield up to five sibling records.
[scope] Tab projection	One IEDB filtered result set displayed through five tabs	Project distinct member sets	Match the site model: Epitopes by EpitopeId, Antigens by source-antigen IRI, Assays by typed assay ID, Receptors by receptor-group IRI, and References by ReferenceId.
[scope] Eligible NCBI nodes	Rank species and descendants below species	Include	OrganismList has no rank field, so rank/lineage must be resolved through NCBI Taxonomy or UniProt.
[scope] Higher-rank nodes	Genus, family, order, and broader	Exclude in first pass	Report excluded IDs and epitope counts rather than silently reinterpreting them as species.
[scope] IEDB-only strain nodes	OrganismId + ParentTaxId + name, but no TaxId	Include after deterministic strain review	Never send an internal OrganismId to NCBI or UniProt as though it were a TaxId.
[scope] Complex ObjectType sources	Natural source, peptide source, molecule source, cell source, recombinant host	Needs domain review	Define field precedence per ObjectType and compare representative results with Query API curated_source_antigens.
[scope] Duplicate members	The same entity can occur under many references, epitopes, assays, or source-organism roles	Deduplicate inside each tab collection	Use the tab's stable member key. The same entity may still belong to multiple exact organism collections when it is directly associated with each organism.
[scope] Empty organism/tab combinations	No qualifying members for one or more tabs	Skip the empty sibling only	Do not emit empty tab collections. An organism can therefore yield fewer than five records.
[scope] Large collections	Potentially thousands to millions of members depending on organism and tab	Do not silently truncate	Measure generated document size separately by tab and establish an explicit hasPart or segmentation policy if index limits are approached.
[scope] Reference scale	Many articles and direct submissions per organism	References-tab members; citations elsewhere	Deduplicate tab members by ReferenceId. Deduplicate supporting article citations by PMID then ReferenceId. Avoid representing submissions as ScholarlyArticle.
[scope] Assay detail scale	TCell, BCell, MhcBinding, and MhcLigandElution branches	Assays-tab members	Union and deduplicate typed assay IDs for collectionSize and hasPart. Retain detailed measurements on the Assays exampleOfWork; aggregate technique and response terms on relevant sibling records.
[scope] Receptor detail scale	TCR and BCR receptor groups exposed as separate Query API views	Receptors-tab members	Union by receptor-group IRI. Confirm the corresponding XML receptor paths before treating the API crosswalk as complete.
[scope] Host/sample identity	Repeated assay-level host metadata without stable cohort IDs	Omit sample in first pass	Revisit only after a reviewed rule can prevent unrelated cohorts from being merged.
[scope] Host organism versus infectious agent	HostOrganism.OrganismId and several SourceOrganismId paths	Unresolved after first pass	Keep assay hosts separate from epitope/source organisms. Test representative records to determine whether infectious agents have a consistent field or require role- and context-based derivation; do not infer infectiousAgent from taxonomy alone.
[scope] Disease labels	DiseaseState text without consistent exported ontology IDs	healthCondition.name	Emit name-only terms for shared standardization; do not invent DOID or ONTIE identifiers.
[scope] Specific assay ontology mappings	AssayTypeList supplies names, responses, and units but not OBI IDs	Source-defined measurementTechnique terms	Add an IEDB measurement-technique lookup before replacing them with specific ontology terms.
[scope] Exact versus descendant filters	Query API *_iri_search follows taxonomy parentage	XML exact OrganismId is authoritative	Use exact source-organism API fields for links and cross-checks where supported. Never substitute a parent-aware API count for the species/strain-specific XML count.
[scope] Stable record URL	Single-view tabs have exact filtered Query API URLs; combined tabs have several component views	Tab query or IEDB results page	Use the tab's filtered Query API URL for Epitopes, Antigens, and References. Use result_v3.php plus all component queries in isBasedOn for Assays and Receptors. Use the export page for IEDB-only nodes.
[scope] _id decision	Tab key + numeric OrganismId identifies an IEDB collection	Prefix as iedb_{tab}_{OrganismId}	Prevents sibling tab collections from merging with one another, a taxon record, or another source's taxon-keyed collection.
